trial,value,hidden,embedding_dim,cross_layers,cross_rank,dropout,lr,weight_decay,batch_size,character_id_dropout,best_step
34,0.8745818309956822,256-128,24,2,64,0.2992545017266622,0.0029336271288130794,0.000012523611671432783,2048,0.08128793218406005,312
39,0.8748036568265505,512-256,24,3,32,0.1819161192371459,0.0023796359621930697,3.531631107681884e-7,2048,0.013045776264293176,312
55,0.8748132013624618,512-256,24,2,32,0.19161654947835735,0.002443834483281429,5.929418366706212e-6,2048,0.020201555994748314,312
49,0.8748408990936465,512-256,24,3,32,0.2007107479961863,0.002518680771408469,4.27252375776953e-6,2048,0.09718312654905484,312
58,0.8748620725942491,512-256,24,3,32,0.1728911734073455,0.0025114378050457658,2.403681945188739e-6,2048,0.1365694500499093,312
48,0.8748833897554137,512-256,24,3,32,0.2039553220750971,0.0024124974217564162,5.426287396292034e-7,2048,0.035983080408536094,312
59,0.8749646436393846,512-256,24,3,32,0.17945444085271095,0.0024128769446905905,8.017402329431165e-6,2048,0.12659666146821566,312
8,0.8749795690261242,256-128,24,2,64,0.24994976107346953,0.00282162040538402,1.0782031530330569e-7,2048,0.06371085745241997,312
45,0.8749852192560938,512-256,24,3,32,0.18746465615122523,0.002345302422504216,5.685379558366251e-7,2048,0.04205080295707819,312
56,0.8750187105266225,512-256,24,3,32,0.2515150268129698,0.002115974565109218,5.7114404742820985e-6,2048,0.01664740993297055,312
16,0.8752646076306014,512-256,24,2,32,0.20379183424560512,0.0027002361298450257,3.209291143363094e-7,2048,0.019804505483600778,312
24,0.8753353138657756,256-128,16,2,64,0.3553414435030269,0.0028217592250090752,5.256051543447483e-7,2048,0.02814788255616909,312
41,0.8754202850354615,512-256,24,3,32,0.09249472107341213,0.0027858545972699353,1.4029866268512234e-6,2048,0.020478525038858015,312
29,0.8754472732504954,256-128,24,2,64,0.2964181299060627,0.0027385278256189796,0.000012130034960445682,2048,0.10660143530707122,312
52,0.8755027302500581,256-128,24,2,64,0.21319553114654868,0.002859978241488948,9.389668920331541e-7,2048,0.07572135720038096,312
21,0.8755072258815424,512-256,16,2,32,0.18360406555991515,0.0024648033080058875,5.122388594665187e-7,2048,0.08380362362895452,312
38,0.8756311188744098,512-256,24,1,32,0.23364848034103738,0.0028404200715259507,5.749907513197966e-7,2048,0.0025343798554789652,312
40,0.8756472821937722,512-256,24,4,32,0.18741396246393177,0.0019275255598549866,2.689954633329018e-7,2048,0.011326409023131236,312
20,0.8758154200773572,512-256,24,2,64,0.13318725107265117,0.0029162928930411254,1.6480974791841962e-6,2048,0.017279436685954525,312
19,0.8758906167336952,400-400-400,24,1,64,0.17132309427282758,0.001550916379725719,2.738009181951415e-6,2048,0.046332601122447456,312
43,0.8759831267197509,256-128,24,2,64,0.2730951740049243,0.002504828795844393,1.8091005132222045e-6,2048,0.08194194483127287,312
15,0.8759914289511535,256-128,24,3,128,0.16684200251665363,0.0028059195630999955,9.428129606103863e-7,2048,0.06436895572026895,312
25,0.8761213824433501,512-256,32,2,32,0.27781221317141847,0.0028770192636685507,2.0710622369031996e-7,2048,0.012673368146324712,312
11,0.8761688859908863,256-128,24,3,64,0.39980255713082613,0.0022746651107000623,1.8054342208470208e-7,2048,0.05158986094654803,312
47,0.8763268403399015,512-256,24,2,32,0.2609204896027497,0.0029509103232285092,4.563521919473349e-6,2048,0.05131978369817197,312
50,0.8764311958589498,256-128,24,2,64,0.30886607769654073,0.0024726358191453006,4.3496204222832373e-7,2048,0.11704420158739393,312
18,0.8764902811323851,512-256,32,2,32,0.18691271175660604,0.0018100136619412866,4.1029513528980485e-7,2048,0.017167237221784124,312
17,0.8765174809087058,400-400-400,24,2,32,0.04338229241286376,0.0024810959674359517,1.9839171364956644e-7,2048,0.056660456214199885,312
30,0.8765622980592627,256-128,32,2,64,0.36801966936798763,0.002358981171393937,1.4413319098548999e-6,2048,0.03228278984559564,312
36,0.8767908186943713,256-128,8,2,64,0.30364469938481103,0.0028249212741669654,0.00001812560020595997,2048,0.035721657863984194,312
51,0.8768258007554636,512-256,24,3,32,0.1886295109046562,0.0017743702802350402,1.339376638112313e-6,2048,0.012364174474034522,312
57,0.8768437645554524,256-128,24,2,64,0.21308778212414659,0.0022514914535277653,2.458424641097435e-7,2048,0.09581559721775115,312
46,0.8769017248730098,512-256,24,2,32,0.3090668068742275,0.001831149179934335,4.1690586823007976e-7,2048,0.026411251933207126,312
12,0.876922261255067,256-128,24,3,64,0.311242244002993,0.0020835528596169417,1.5307285162521164e-7,2048,0.13268034022176906,312
37,0.8771022810027095,256-128,24,2,64,0.2773406465418114,0.001807299304739502,1.225389574585182e-7,2048,0.00048662012741294836,624
22,0.8771878130114499,512-256,16,1,32,0.1331483670697574,0.0023274703774017027,0.000010031737784498206,2048,0.09462944831443816,312
32,0.8773421082764334,256-128,16,3,64,0.2573767914229553,0.001800987150868565,1.5630562905103824e-7,2048,0.02987387365344739,624
26,0.8773480985695681,256-128,24,2,32,0.24807584949032258,0.002992217056337057,1.1458310020051482e-7,4096,0.06901127449882333,312
33,0.8774332885773154,256-128,24,2,64,0.3455531492095822,0.0018838161323925752,0.000011993646667076524,2048,0.10028045900423131,624
14,0.8776121615180056,256-128,24,1,64,0.39519817232673776,0.0013864476072588561,3.139789832914035e-6,2048,0.09822526092297129,624
54,0.8779903451328747,256-128,24,2,64,0.2684766987997278,0.0018488379454259035,0.00004847623114709477,2048,0.08842606585909257,624
1,0.8780090016662774,256-128,8,3,128,0.05590610667614851,0.0021002029208414697,0.002386497888205784,2048,0.024720817874145318,624
13,0.8780238821843394,256-128,24,2,64,0.24232395440444265,0.002023045091867911,7.232296491069326e-6,2048,0.03451323541910684,624
35,0.878049509615847,256-128,24,2,64,0.2979193927389996,0.002083895442892361,1.7833245605107108e-7,2048,0.0711486162893572,312
53,0.8781861732463226,512-256,24,3,32,0.18078551490019512,0.0015221791553628147,8.729232878720503e-7,2048,0.06107401132796976,624
44,0.8781885858742826,256-128,24,1,64,0.2413495266827725,0.002948175442416785,2.595619134039812e-7,2048,0.10515340404866325,312
27,0.8783080364536454,256-128,8,1,64,0.30526471465312616,0.0026243425318599055,1.5260381912073408e-6,2048,0.02832384766257245,624
23,0.8785062708503554,512-256,16,2,32,0.20994825102683917,0.0017488978408950295,0.000011196002535776923,2048,0.06294499435401486,624
31,0.878669980894457,512-256,24,1,32,0.2560997287872502,0.0015314870246006399,8.8982713210683e-7,2048,0.03821571446006809,624
42,0.8787691253899773,256-128,16,2,64,0.33732314645123807,0.0021916687403027877,0.000017439152762109433,2048,0.05733328771788306,624
28,0.8794909035457144,256-128,24,1,64,0.37866939014080264,0.0024963051965347536,2.0210089427657e-6,2048,0.07061763894667684,312
2,0.8799360194281634,512-256,24,1,64,0.3818441195246104,0.0013382794449415365,0.0005780573537099567,1024,0.26471610101052295,471
4,0.8816566421850482,256-128,32,2,64,0.31506699360572915,0.00028259780385193526,0.0006061308799445549,1024,0.16327259319402607,1884
0,0.8828652435842484,256-128,8,2,32,0.24965686007242863,0.0005149137000893028,0.004619189685894133,1024,0.0050156485277300985,1884
6,0.8832941990662919,256-128,32,2,64,0.22675924326226737,0.0004041984867053819,1.0171070703659291e-7,2048,0.06887593646256093,1170
9,0.8833042744293406,512-256,8,2,128,0.23402314419898845,0.0007567895581506826,7.926589920367503e-6,4096,0.24938026518341852,585
3,0.8862259494643229,512-256,8,4,128,0.12818485142819022,0.0004957816860382957,0.0026560265066861797,4096,0.11578100388567615,585
10,0.8936841907792196,256-128,24,2,64,0.003173085340929027,0.00022584625902148894,0.000813117287307352,2048,0.0044983035888617184,624
5,0.8942749308636092,512-256,16,4,32,0.1849998794476182,0.00037116340412270994,2.4260990847357745e-7,4096,0.00709452635640464,312
7,0.8969314198731012,128-64,16,1,128,0.35401416198322333,0.00023989581205186676,1.1999548973628447e-6,4096,0.16330415623246491,468
