trial,value,learning_rate,num_leaves,min_data_in_leaf,cat_smooth,cat_l2,feature_fraction,lambda_l2,best_iteration
51,0.8740691773363264,0.014444253618232995,254,323,26.853528606008425,1.3868337867005927,0.40438892667113613,8.620824789413327,479
55,0.874309946910899,0.013920461427474915,164,405,26.57956926558101,1.043862157374514,0.40046404751766834,5.409424160013402,470
58,0.8743991296235178,0.014172368650856951,152,297,26.06793466831677,1.221364452919901,0.44060860010901093,5.850657207875092,612
54,0.874765452910523,0.012902262423826019,235,168,20.392175462528186,2.5104676191126334,0.43388666679882304,11.734412322152973,476
53,0.8747889103210909,0.012273924048188516,197,212,14.762217017901428,2.2205721384739663,0.4257353341283574,7.018003641616035,469
37,0.8748508544036654,0.01308043684511981,151,363,21.714683329327375,2.0618572876147474,0.45601155022504464,11.397382783351002,612
41,0.8748593723738017,0.011037656820863056,186,181,19.1178102158965,1.6991989240248726,0.4823210691517886,10.071304571222228,612
47,0.8748853337584774,0.012422856794466109,141,283,35.64958432974266,1.6671968700067819,0.4517881747187118,14.659784587137883,864
59,0.8749456495481982,0.012037366238266635,235,299,11.672291903983686,1.7351591715339858,0.40101539105275685,1.8704483677818033,504
40,0.875004191788032,0.013765240452082966,233,125,24.820297115624584,1.275504055326163,0.4633967282286485,16.194227490156873,477
48,0.8750790166649901,0.012680382025553492,210,92,33.98179136239593,1.5044321660321407,0.4385297817075668,22.49367583690447,709
39,0.8751008260053635,0.015359273217919028,226,192,28.387645609113015,1.8287210004228702,0.4811566467303915,13.43657683645309,475
43,0.8751226326244647,0.013916110417856238,229,284,25.947203647494785,2.061947263033558,0.47638718961081394,22.562183197250608,482
35,0.8751375084551769,0.012762851844265427,244,265,24.85541210628019,2.7324547761853513,0.556739799180648,8.423467286754871,593
56,0.8752120447502493,0.010534416054179305,234,359,30.917922569238335,1.9602558800816903,0.49613571461560135,14.063667143181911,769
21,0.8752237947925107,0.014287392940526795,277,490,20.61287283251558,2.7078579671783367,0.43049952527617635,65.27097103795289,612
57,0.8752368148269779,0.011504768451631644,216,228,35.227972412350645,2.321956781616316,0.4241878930686336,26.638369317914325,805
45,0.875337062387316,0.013481225156074313,210,238,26.568983083329982,1.5507946084763606,0.5005099375019364,36.194257071600134,613
28,0.8754122853010324,0.011675669931046654,321,223,23.207513852129264,1.717279782849611,0.4918206269037971,53.7988705023657,613
52,0.8754516844085349,0.013325584515551284,159,288,45.99858100446148,1.575589564821268,0.4351715167179642,9.661184658799172,685
44,0.8755880874925084,0.013335367143957904,246,139,29.728212976074776,1.8042744334953584,0.45303551781164697,45.68787422761314,661
18,0.8756816961845932,0.010673625489437474,295,528,31.07799304229651,2.212923682241733,0.5234238729831586,2.292340604363162,581
46,0.8757041393747169,0.013638599574826027,216,111,13.013765285632434,2.5218476224067974,0.4467381230581074,38.79818279657849,469
50,0.8758072948121371,0.01222399473008975,314,137,44.7279741317436,1.5736040577635453,0.4801904847010288,3.891384568811078,591
31,0.8759142152140909,0.012653763057298673,310,371,29.096087455448302,2.806111497464275,0.5133438695383796,39.76673572428772,647
17,0.8760246673315688,0.013986243352060189,489,362,32.78431500121723,1.8737626295116332,0.4654133346631386,41.906796903794735,593
33,0.8760526625974343,0.010455823509378646,247,278,42.33626590915791,1.1338765568004208,0.4714685670827889,5.903446797124508,780
10,0.8761944936388513,0.016149094485441964,199,402,15.135436547921225,4.530710265092927,0.46580523283471253,27.024745495058927,370
25,0.8762380263271256,0.02381564431394306,482,487,19.82128871499798,1.136483800084056,0.491674318123881,5.585112581059042,260
24,0.8762788432061335,0.014005488536369105,413,395,55.97330688329655,2.9931423358952074,0.4270193890442683,16.40902368479734,590
49,0.8764488766861568,0.014704705437805764,160,117,12.604223066314288,1.4300682270933067,0.4832323839875465,14.769106181518119,469
38,0.8764798096203325,0.013098263123460959,476,222,31.995949828521173,1.9542466563083725,0.6072563435706814,13.165853843334178,482
12,0.8765883754167637,0.010386667012039507,306,171,5.519124473037615,7.018657444163091,0.44659289385967677,70.26222850857138,546
13,0.8766382111005319,0.013773888973554253,260,83,5.136109196722203,4.694979853527925,0.4393742655568635,18.455103862132574,373
27,0.8766723813887977,0.0105219508025973,258,425,7.088701538789043,8.10756438907816,0.4309137841251223,28.990979017182266,594
32,0.8767248864611684,0.012580660241467192,249,261,12.985579886103697,1.8964282860788386,0.5315717877440647,59.19650649985996,580
42,0.8768005960498587,0.012230773063185253,198,294,12.268322761680084,2.2082298228585313,0.5448191922370534,10.970556889041415,469
29,0.8768751288915742,0.021795592128242204,467,1147,13.739487657558769,2.9264980381234413,0.43610508438480006,26.545614713714752,326
36,0.8769589207697964,0.012936341332524266,467,238,14.821211434323152,2.379579221420692,0.5240123394783522,69.99797302867694,481
2,0.8770874202862758,0.05990011177608981,414,367,2.2614017328807576,3.703652821862721,0.4100312970554602,19.852023947692853,87
26,0.8772257582684295,0.024531755909594135,264,537,48.982771147610265,1.6590542812729074,0.45883043273175195,10.536463408186801,373
23,0.8773256823369174,0.010434121199594826,406,740,10.77533894805351,7.3396447045849955,0.5411099426016734,31.10558264090351,481
20,0.8774863312088409,0.014868126165622931,429,346,53.527906206456734,1.4801701768594486,0.5346785082570447,63.85468210970638,590
8,0.8776211084494099,0.018166956658308028,60,86,107.25041035590887,3.2271323133723078,0.7603407835420097,0.027905297202693333,966
22,0.8776349742639554,0.017465875108726766,276,644,14.42726851335126,2.76776215667478,0.594847600244786,36.13135076719823,269
30,0.8776575490475428,0.010063420668685494,211,935,8.817508124769319,3.41652898884806,0.49582241010056705,21.61228325065469,592
15,0.8776589540172768,0.015633486939782445,326,274,7.302251545977476,6.284374743249192,0.5006933013996409,1.4988252561099191,324
1,0.8777424459313121,0.02036958158619939,120,1644,16.13010768447488,5.189601201712318,0.774485290108643,0.05572587536124865,372
19,0.8777651794748643,0.02098592579488846,380,228,72.5214742881381,4.154405605020875,0.5435406294310093,0.8487997956535226,323
16,0.878144884745414,0.01775638270364533,135,477,2.638295535779439,9.762001185633391,0.4715409981792543,3.853025944948869,269
6,0.8784980666493952,0.01888665428832969,48,636,6.758780946145499,71.77463067602596,0.6647427350999577,0.003589015941363191,372
9,0.8785088605716691,0.014294676736488461,242,95,10.852125763068265,9.667147196352506,0.8834721056495551,0.7229256904978921,261
34,0.8785242094869543,0.01140184465733293,368,304,64.98850701069806,2.8712157220598358,0.6105483576062084,59.48759357533736,612
5,0.8785407655710544,0.01900736817679292,128,132,2.445414712153893,1.4615223210583304,0.5200799351586434,21.001876832596356,275
14,0.8785834909539338,0.012427403336166347,423,202,1.934652387195023,22.200185427284815,0.49618506504125115,60.620916941789346,439
11,0.8797760728485725,0.05659051523900412,177,246,1.0510537532610873,7.949423392534294,0.4987883203443771,60.11660344417777,100
0,0.880202832754005,0.0644266640553958,103,183,5.530160181401518,20.641430865031133,0.6651800771091521,0.0010340229246618637,76
4,0.8804088681514853,0.03916477937032064,105,253,10.616807200296256,1.9034020528999795,0.9209959284750888,4.447686951255448,106
3,0.8811442455042503,0.029721653101398886,36,956,143.04084288196427,33.51272180456833,0.8554895171541008,0.004014012885140698,733
7,0.8812698252155609,0.019093982958351605,147,146,157.24865220001305,25.341435778741978,0.7761970930399817,58.917709044623464,626
