variant,val_ne,delta_logloss,ci_low,ci_high,delta_seed_set_a,delta_seed_set_b,verdict
all features,0.8718011039205749,0.0,0.0,0.0,0.0,0.0,reference
- character_meta,0.8795166041818052,0.0034599941344160886,0.0027097828776856143,0.004265473401359966,0.003235952338199063,0.0036840359306331135,worse than reference
- character_id,0.8716029855346983,-0.0000888456263163163,-0.0005584620332900403,0.00021266780905533376,-0.00001570909392496866,-0.00016198215870766392,within noise
- all character features,0.8943564165017379,0.010114865736301585,0.00886784270749094,0.011373610415724253,0.010371017191358602,0.009858714281244567,worse than reference
- user_history,0.8744374366449579,0.0011822559074452397,0.0003805499143451864,0.0018489191244211332,0.0008764813536533664,0.001488030461237113,worse than reference
- conversation,0.8721983169687884,0.00017812906103296776,-0.000027322662401249683,0.0004042697046435174,0.00011609919449167696,0.00024015892757425859,within noise
- device,0.876239013590967,0.001990167961730728,0.0014673785019849355,0.002696377455346961,0.0019471895146115266,0.0020331464088499296,worse than reference
+ text (qwen3),0.8732900690886802,0.0006677221921541228,0.00027044432785115904,0.001067068612931919,0.0008103698501843963,0.0005250745341238494,worse than reference
+ text (tfidf),0.8729342200986727,0.0005081427253047377,0.00003135275458611658,0.0009741460714662567,0.000763648177611665,0.00025263727299781034,worse than reference
no character-id dropout,0.8715893735122058,-0.00009494989906430002,-0.0006605057910794394,0.00026612019111854553,-0.00033538536966298295,0.0001454855715343829,within noise
shipped: - character_id - conversation,0.8714114440458607,-0.00017474186187287386,-0.000700121283354342,0.0003745086492527596,-0.0003443824913130836,-5.101232432664154e-6,within noise
