feature,group,mean_abs_shap,permutation_delta,ci_low,ci_high
app_id,context,0.19242378142533725,0.014594306072716421,0.012949522894875725,0.01659430276978139
site_id,context,0.1626250682039194,0.01303397276341899,0.012248079918186541,0.013973725295127281
site_domain,context,0.13123362990031204,0.008571759748493776,0.007847835189831287,0.009344260388634756
genre,character_meta,0.095866291498376,0.007309432634211952,0.0065925041146615545,0.008002766400332028
device_model,device,0.1194508287637101,0.004186759305314587,0.003763135186776066,0.00467726436754734
C21,ad,0.10382459864456285,0.0021055076288608106,0.0015193212296206742,0.002634630206646101
app_category,context,0.025129038142696004,0.0017299334466306733,0.0014329635750096473,0.0020836927452683052
C17,ad,0.11662016062316359,0.0015498618624341285,0.0008491797112867523,0.0023211619873685528
C14,ad,0.1354556325887151,0.0012071257709692737,0.0004894722509314916,0.0019107881925536638
safety_tier,character_meta,0.021031553967057536,0.0010460042944055931,0.0008590973334382966,0.0012129017173605034
character_id,character_id,0.0902850840671902,0.0009905617902765975,0.0005537368120422584,0.0014282302257038755
user_ctr_logit,user_history,0.03491689793937754,0.0009102654032662436,0.0007661384483517532,0.0010701878303614354
app_domain,context,0.028226842503137218,0.0008180004232578728,0.0005091015232897352,0.0011563155106953304
hour_of_day,context,0.03443567388775432,0.0007462564351775647,0.00045529553961273875,0.0010300584868248675
C20,context,0.02962506173228501,0.0006271197263236934,0.00047788514943317704,0.0007999935120247279
site_category,context,0.01166450108996916,0.0003133155629084455,0.00021174155015037292,0.000412888247993788
device_id_real,device,0.015568523023809098,0.00025352458029613453,0.00017510186569285455,0.00034431917624831607
C18,ad,0.005598325252993957,0.00013894702162387985,0.00008020714555527858,0.00019486421447617344
log_hours_since_last,user_history,0.005079035681220335,0.00013283608576550687,0.00007239885390022559,0.0001921759506963645
banner_pos,ad,0.01864629028782271,0.00010121909809344848,-5.64343205317147e-6,0.000194757981101407
log_user_campaign_imps,user_history,0.0066843501102248,0.00007259725659027882,0.000021804558543287444,0.00012785678042307223
log_user_clicks,user_history,0.005035347493549659,0.00007098547766030772,0.00001575195045592705,0.00012547779319876446
log_user_clicks_24h,user_history,0.002241941499147326,0.00006998289558980056,0.00003716992927770035,0.00011121845903321731
device_conn_type,device,0.005081378654895496,0.000059846968978018174,0.000025222342387107862,0.00009982124816017521
log_user_imps,user_history,0.0025363265916380174,0.00005300629574959539,0.000031425658255539694,0.00007405700052444686
log_num_interactions,character_meta,0.005285072139901851,0.0000420311146630747,0.00001380601126343319,0.00006993098063716704
log_user_imps_24h,user_history,0.0031561343301898443,0.000040334317911432826,0.000024519791532653756,0.00006103243872263922
user_seen,user_history,0.004278080177298688,0.00003714794001165692,0.000011893471318170254,0.00006431944241276643
C1,context,0.000967528354862466,0.000022899970689806084,9.998671299867888e-6,0.00003615311990532194
C15,ad,0.002929939408430266,0.000016943842220463937,-0.0000163538903771446,0.00004772841702230144
turn_bucket,conversation,0.001226927618028541,9.625028604319338e-6,-4.965536125459863e-7,0.00002014699659693741
C16,ad,0.0025520685177494633,9.54184544415156e-6,-0.000020597854706991464,0.00004416700048907704
device_type,device,0.0013605563572182948,6.6276468467352405e-6,-0.00003194166465181485,0.000029748721539890092
session_bucket,conversation,0.0014268603785819417,3.9196176982519256e-6,-5.931796094416389e-6,0.000013217737197983714
log_turn,conversation,0.001484227136401172,1.1314705613779556e-6,-0.000014830556991586438,0.000016996654972346112
creator_type,character_meta,0.0002049934157663053,9.916577933450123e-7,-2.190104541663175e-6,4.0641707816180475e-6
log_character_age_days,character_meta,0.0030642167239697976,-0.000010706147461303263,-0.00003354269282756428,0.000011513637576156053
turn_position,conversation,0.002202168332101601,-0.000012295753260917557,-0.00003611827706522102,0.000013300416616516989
interactions_bucket,character_meta,0.004392097527660211,-0.00001754481231949171,-0.00005053850402427048,0.000013723670818423388
C19,ad,0.01658511010855178,-0.000032979676555027486,-0.00013560628898277608,0.00007001818625722689
