hour,graduated,rows
2014-10-29T00,0.0,2291
2014-10-29T01,0.0,2584
2014-10-29T02,0.0,2863
2014-10-29T03,0.0,5031
2014-10-29T04,0.03451301550160866,3419
2014-10-29T05,0.023450048185030516,3113
2014-10-29T06,0.029591508523641043,3109
2014-10-29T07,0.0011037527593818985,4530
2014-10-29T08,0.0,4813
2014-10-29T09,0.0,4356
2014-10-29T10,0.0,5287
2014-10-29T11,0.0,3818
2014-10-29T12,0.0,4558
2014-10-29T13,0.05634448007329363,4366
2014-10-29T14,0.0853413654618474,4980
2014-10-29T15,0.13757562177907237,4463
2014-10-29T16,0.14808743169398908,3660
2014-10-29T17,0.06882230792049837,3371
2014-10-29T18,0.14558721334259903,2878
2014-10-29T19,0.13124316441851988,2743
2014-10-29T20,0.10007911392405064,2528
2014-10-29T21,0.09496402877697842,2085
2014-10-29T22,0.1453459432553509,2009
2014-10-29T23,0.18312387791741472,2228
2014-10-30T00,0.21743697478991597,1904
2014-10-30T01,0.2990608007909046,2023
2014-10-30T02,0.17717287488061126,2094
2014-10-30T03,0.06482698204117389,2283
2014-10-30T04,0.054535258656946584,7133
2014-10-30T05,0.22812234494477485,2354
